Student ID,Incident Description,Incident Place,Action,Date
71519575957,Incident that happened,Classroom,WARNING,1/16/2019
75533971751,Incident that happened,School Bus,PRINCIPAL/STUDENT CONFERENCE,3/15/2019
75533971751,Incident that happened,School Bus,PARENT CONTACT / CONFERENCE,3/18/2019
75335915713,Incident that happened,Halls,PRINCIPAL/STUDENT CONFERENCE,9/13/2018
75335915713,Incident that happened,Halls,PRINCIPAL/STUDENT CONFERENCE,1/24/2019
71531797951,Incident that happened,Classroom,WARNING,10/3/2018
71733377959,Incident that happened,Grounds,PRINCIPAL/STUDENT CONFERENCE,5/24/2019
77375317713,Incident that happened,School Bus,PRINCIPAL/STUDENT CONFERENCE,10/8/2018
77375317713,Incident that happened,Classroom,PRINCIPAL/STUDENT CONFERENCE,11/2/2018
77375317713,Incident that happened,Halls,1 DAY ISS,12/6/2018
77375317713,Incident that happened,School Bus,PRINCIPAL/STUDENT CONFERENCE,12/5/2018
77375317713,Incident that happened,Halls,PRINCIPAL/STUDENT CONFERENCE,12/5/2018
77375317713,Incident that happened,Classroom,1 DAY ISS,12/18/2018
77375317713,Incident that happened,School Bus,OFF OF BUS 3 DAYS,12/13/2018
77375317713,Incident that happened,Halls,3 DAYS ISS,1/18/2019
77375317713,Incident that happened,Classroom,1 DETENTION ASSIGNED,1/31/2019
77375317713,Incident that happened,Classroom,1 DAY ISS,2/4/2019
77375317713,Incident that happened,School Bus,OFF OF BUS 5 DAYS,2/1/2019
77375317713,Incident that happened,Halls,2 DAYS ISS,2/6/2019
77375317713,Incident that happened,School Bus,OFF OF BUS INDEFINATELY,2/14/2019
77375317713,Incident that happened,Halls,1 DETENTION ASSIGNED,3/6/2019
77375317713,Incident that happened,Classroom,1 DAY ISS,3/19/2019
77375317713,Incident that happened,Gym,REMOVED FROM CLASS,3/18/2019
77375317713,Incident that happened,Halls,1/2 DAY ISS,3/20/2019
77375317713,Incident that happened,Classroom,2 DAYS ISS,4/1/2019
77375317713,Incident that happened,School Bus,OFF OF BUS INDEFINATELY,4/3/2019
77375317713,Incident that happened,Halls,PRINCIPAL/STUDENT CONFERENCE,4/4/2019
77375317713,Incident that happened,Classroom,2 DAYS ISS,5/3/2019
77375317713,Incident that happened,Halls,1 DETENTION ASSIGNED,5/13/2019
77971917935,Incident that happened,Classroom,3 DAYS ISS,9/5/2018
77971917935,Incident that happened,Classroom,1 DETENTION ASSIGNED,10/23/2018
77971917935,Incident that happened,Classroom,,
77971917935,Incident that happened,Grounds,PRINCIPAL/STUDENT CONFERENCE,12/5/2018
77971917935,Incident that happened,Office,1 DAY OSS,12/5/2018
77971917935,Incident that happened,Classroom,2 DETENTIONS ASSIGNED,4/16/2019
77971917935,Incident that happened,Grounds,3 DAYS ISS,4/22/2019
79173195757,Incident that happened,Classroom,,
79173195757,Incident that happened,Classroom,THURSDAY NIGHT DETENTION,2/7/2019
79173195757,Incident that happened,Classroom,THURSDAY NIGHT DETENTION,3/7/2019
73533973317,Incident that happened,Playground,,
79599175151,Incident that happened,Classroom,1 DETENTION ASSIGNED,5/2/2019
79599175151,Incident that happened,Halls,WARNING,5/1/2019
77797957177,Incident that happened,Cafeteria,1 DAY ISS,2/26/2019
77797957177,Incident that happened,Classroom,1 DAY ISS,3/4/2019
77797957177,Incident that happened,Halls,PRINCIPAL/STUDENT CONFERENCE,3/6/2019
77797957177,Incident that happened,Halls,1/2 DAY ISS,3/20/2019
71597539571,Incident that happened,Classroom,WARNING,9/17/2018
71395559331,Incident that happened,Classroom,,
71395559331,Incident that happened,Classroom,,
73995937375,Incident that happened,School Bus,PRINCIPAL/STUDENT CONFERENCE,12/14/2018
73995937375,Incident that happened,School Bus,OFF OF BUS 1 DAY,1/18/2019
71751533395,Incident that happened,Classroom,RESTITUTION,10/4/2018
71751533395,Incident that happened,Halls,PRINCIPAL/STUDENT CONFERENCE,10/31/2018
71751533395,Incident that happened,Halls,1 DETENTION ASSIGNED,11/7/2018
75977193317,Incident that happened,Grounds,1 DETENTION ASSIGNED,9/17/2018
75977193317,Incident that happened,Classroom,PRINCIPAL/STUDENT CONFERENCE,5/21/2019
71779317555,Incident that happened,School Bus,PRINCIPAL/STUDENT CONFERENCE,9/21/2018
71779317555,Incident that happened,School Bus,1/2 DAY ISS,10/24/2018
71779317555,Incident that happened,School Bus,OFF OF BUS 3 DAYS,11/2/2018
71779317555,Incident that happened,Loc/Bus,1 DETENTION ASSIGNED,11/16/2018
71779317555,Incident that happened,Classroom,RESTITUTION,4/16/2019
79151115359,Incident that happened,Classroom,PARENT CONTACT / CONFERENCE,9/11/2018
71157555999,Incident that happened,Classroom,1 DETENTION ASSIGNED,2/27/2019
71157555999,Incident that happened,Classroom,PRINCIPAL/STUDENT CONFERENCE,5/1/2019
71157555999,Incident that happened,Classroom,1 DETENTION ASSIGNED,5/14/2019
73111139597,Incident that happened,Classroom,1 DAY ISS,5/1/2019
77737733795,Incident that happened,Classroom,WARNING,3/18/2019
77737733795,Incident that happened,Classroom,1 DETENTION ASSIGNED,4/22/2019
77737733795,Incident that happened,Classroom,1 DAY ISS,5/1/2019
79555579597,Incident that happened,Playground,LUNCH DETENTION,9/26/2018
71395799173,Incident that happened,Classroom,RESTITUTION,10/17/2018
71395799173,Incident that happened,Classroom,REMOVED FROM CLASS,3/15/2019
71395799173,Incident that happened,Classroom,1 DETENTION ASSIGNED,4/24/2019
71395799173,Incident that happened,Classroom,,4/30/2019
79191155393,Incident that happened,Classroom,2 DAYS ISS,9/18/2018
79191155393,Incident that happened,Grounds,2 DAYS ISS,11/1/2018
79191155393,Incident that happened,Halls,3 DAYS ISS,1/9/2019
79957733917,Incident that happened,Cafeteria,1 DETENTION ASSIGNED,2/12/2019
73771139531,Incident that happened,Classroom,PARENT CONTACT / CONFERENCE,9/26/2018
73771139531,Incident that happened,Playground,PARENT CONTACT / CONFERENCE,9/27/2018
73771139531,Incident that happened,Playground,PARENT CONTACT / CONFERENCE,10/4/2018
79331195957,Incident that happened,Classroom,WARNING,9/4/2018
79331195957,Incident that happened,Classroom,WARNING,10/8/2018
79331195957,Incident that happened,Classroom,1 DETENTION ASSIGNED,10/10/2018
79331195957,Incident that happened,Classroom,WARNING,10/19/2018
79331195957,Incident that happened,Classroom,,
79331195957,Incident that happened,Classroom,2 DAYS OSS,11/13/2018
77791151777,Incident that happened,Halls,PRINCIPAL/STUDENT CONFERENCE,1/24/2019
77791151777,Incident that happened,Classroom,PRINCIPAL/STUDENT CONFERENCE,2/28/2019
77791151777,Incident that happened,Classroom,PRINCIPAL/STUDENT CONFERENCE,4/25/2019
77791151777,Incident that happened,Classroom,1 DAY ISS,5/7/2019
71997157919,Incident that happened,Classroom,1 DAY ISS,9/26/2018
71997157919,Incident that happened,Classroom,,
75577977719,Incident that happened,Classroom,1 DETENTION ASSIGNED,10/3/2018
75577977719,Incident that happened,Classroom,1 DAY ISS,4/5/2019
75577977719,Incident that happened,Other,1 DAY ISS,4/8/2019
75577977719,Incident that happened,Classroom,1 DAY ISS,4/18/2019
75577977719,Incident that happened,Classroom,PERIOD ISS,4/18/2019
75577977719,Incident that happened,Classroom,1 DAY ISS,5/14/2019
73179197959,Incident that happened,Classroom,WARNING,10/8/2018
77117751173,Incident that happened,Classroom,1 DAY ISS,1/30/2019
77117751173,Incident that happened,Other,1 DAY ISS,4/16/2019
77117751173,Incident that happened,Classroom,PRINCIPAL/STUDENT CONFERENCE,4/25/2019
77117751173,Incident that happened,Classroom,1 DETENTION ASSIGNED,5/1/2019
77117751173,Incident that happened,School Bus,1 DAY ISS,5/21/2019
71311771171,Incident that happened,Classroom,REMOVED FROM CLASS,2/14/2019
77135157771,Incident that happened,Classroom,PRINCIPAL/STUDENT CONFERENCE,11/16/2018
77135157771,Incident that happened,Cafeteria,1 DETENTION ASSIGNED,1/24/2019
77135157771,Incident that happened,Classroom,1 DETENTION ASSIGNED,2/28/2019
75973379379,Incident that happened,Classroom,1 DETENTION ASSIGNED,10/8/2018
75973379379,Incident that happened,Cafeteria,,
75973379379,Incident that happened,Classroom,THURSDAY NIGHT DETENTION,5/13/2019
77917535371,Incident that happened,School Bus,PARENT CONTACT / CONFERENCE,12/3/2018
73919177397,Incident that happened,Classroom,1 DAY ISS,4/23/2019
79559915757,Incident that happened,Halls,1 DETENTION ASSIGNED,5/7/2019
79337937353,Incident that happened,Cafeteria,1 DAY ISS,11/14/2018
73933971537,Incident that happened,Classroom,1 DETENTION ASSIGNED,10/1/2018
73933971537,Incident that happened,Halls,WARNING,2/14/2019
73531793353,Incident that happened,Classroom,1 DETENTION ASSIGNED,9/6/2018
73531793353,Incident that happened,Classroom,THURSDAY NIGHT DETENTION,9/13/2018
73531793353,Incident that happened,Classroom,2 DAYS ISS,9/17/2018
73531793353,Incident that happened,Classroom,,
73531793353,Incident that happened,Classroom,1 DETENTION ASSIGNED,2/13/2019
75133177759,Incident that happened,Classroom,WARNING,9/11/2018
75133177759,Incident that happened,Classroom,2 DETENTIONS ASSIGNED,9/12/2018
71573771315,Incident that happened,Loc/Bus,PARENT CONTACT / CONFERENCE,9/19/2018
73731117533,Incident that happened,Halls,,
73731117533,Incident that happened,Halls,PARENT CONTACT / CONFERENCE,4/24/2019
73551517711,Incident that happened,Classroom,1 DAY ISS,10/30/2018
73551517711,Incident that happened,Cafeteria,1 DETENTION ASSIGNED,11/26/2018
73551517711,Incident that happened,Grounds,3 DAYS ISS,5/13/2019
77153593737,Incident that happened,Gym,,
77153593737,Incident that happened,School Bus,,
77153593737,Incident that happened,School Bus,OFF OF BUS 1 DAY,1/29/2019
79395511153,Incident that happened,Classroom,WARNING,9/24/2018
79395511153,Incident that happened,Classroom,1 DETENTION ASSIGNED,10/1/2018
79395511153,Incident that happened,Classroom,2 DETENTIONS ASSIGNED,10/3/2018
79395511153,Incident that happened,Classroom,WARNING,10/22/2018
79395511153,Incident that happened,Classroom,2 DETENTIONS ASSIGNED,10/31/2018
79395511153,Incident that happened,Classroom,THURSDAY NIGHT DETENTION,12/6/2018
79395511153,Incident that happened,Classroom,1 DETENTION ASSIGNED,12/19/2018
79395511153,Incident that happened,Classroom,,
75179197575,Incident that happened,Classroom,WARNING,10/1/2018
75179197575,Incident that happened,Classroom,1 DETENTION ASSIGNED,10/2/2018
75179197575,Incident that happened,Classroom,WARNING,10/29/2018
75179197575,Incident that happened,Classroom,1 DETENTION ASSIGNED,10/31/2018
71533517131,Incident that happened,Classroom,WARNING,9/4/2018
71533517131,Incident that happened,Classroom,WARNING,9/7/2018
71533517131,Incident that happened,Classroom,1 DETENTION ASSIGNED,9/12/2018
71533517131,Incident that happened,Classroom,2 DETENTIONS ASSIGNED,10/1/2018
71533517131,Incident that happened,Classroom,WARNING,12/3/2018
71533517131,Incident that happened,Classroom,2 DETENTIONS ASSIGNED,12/18/2018
71533517131,Incident that happened,Classroom,,
71533517131,Incident that happened,Classroom,,
79373713731,Incident that happened,Classroom,1 DAY ISS,9/7/2018
79373713731,Incident that happened,School Bus,PRINCIPAL/STUDENT CONFERENCE,9/12/2018
79373713731,Incident that happened,School Bus,OFF OF BUS 3 DAYS,9/14/2018
79373713731,Incident that happened,School Bus,OFF OF BUS 1 DAY,10/9/2018
79373713731,Incident that happened,School Bus,2 DAYS OSS,10/29/2018
79373713731,Incident that happened,Halls,PRINCIPAL/STUDENT CONFERENCE,12/17/2018
79373713731,Incident that happened,Classroom,PRINCIPAL/STUDENT CONFERENCE,1/25/2019
79373713731,Incident that happened,Classroom,1 DETENTION ASSIGNED,2/13/2019
79373713731,Incident that happened,Classroom,1 DAY ISS,4/3/2019
79373713731,Incident that happened,Halls,PRINCIPAL/STUDENT CONFERENCE,4/4/2019
79373713731,Incident that happened,Halls,1 DAY ISS,5/1/2019
79373713731,Incident that happened,School Bus,2 DAYS ISS,4/29/2019
75391195739,Incident that happened,Classroom,CONFERENCE WITH ADMIN,8/20/2018
75391195739,Incident that happened,Classroom,CONFERENCE WITH ADMIN,8/22/2018
75391195739,Incident that happened,Classroom,PRINCIPAL/STUDENT CONFERENCE,8/27/2018
75391195739,Incident that happened,Classroom,REMOVED FROM CLASS,8/28/2018
75391195739,Incident that happened,Classroom,1/2 DAY OSS,8/29/2018
75391195739,Incident that happened,Classroom,PARENT CONTACT / CONFERENCE,8/30/2018
75391195739,Incident that happened,Classroom,PRINCIPAL/STUDENT CONFERENCE,9/5/2018
75391195739,Incident that happened,Classroom,PRINCIPAL/STUDENT CONFERENCE,9/5/2018
75391195739,Incident that happened,Cafeteria,1/2 DAY OSS,9/11/2018
75391195739,Incident that happened,Classroom,PERIOD ISS,9/12/2018
75391195739,Incident that happened,Cafeteria,1/2 DAY OSS,9/12/2018
75391195739,Incident that happened,Classroom,PERIOD ISS,9/13/2018
75391195739,Incident that happened,Classroom,,
75391195739,Incident that happened,Classroom,PERIOD ISS,9/18/2018
75391195739,Incident that happened,Cafeteria,PERIOD ISS,9/18/2018
75391195739,Incident that happened,Classroom,1 DAY OSS,9/18/2018
75391195739,Incident that happened,Office,1.5 DAYS OSS,9/25/2018
75391195739,Incident that happened,Classroom,2 HOURS ISS,10/18/2018
75391195739,Incident that happened,Office,1/2 DAY OSS,10/19/2018
75391195739,Incident that happened,Classroom,1/2 DAY OSS,10/22/2018
75391195739,Incident that happened,Classroom,1/2 DAY OSS,10/23/2018
75391195739,Incident that happened,Classroom,1 DAY OSS,10/24/2018
75391195739,Incident that happened,Playground,1/2 DAY OSS,10/30/2018
75391195739,Incident that happened,Office,1/2 DAY OSS,11/1/2018
75391195739,Incident that happened,Classroom,3 DAYS OSS,11/2/2018
75391195739,Incident that happened,Classroom,1/2 DAY OSS,11/12/2018
75391195739,Incident that happened,Classroom,PARENT CONTACT / CONFERENCE,11/13/2018
75391195739,Incident that happened,Classroom,3 DAYS OSS,11/14/2018
75391195739,Incident that happened,Classroom,REMOVED FROM CLASS,11/20/2018
75391195739,Incident that happened,Classroom,REMOVED FROM CLASS,11/27/2018
75391195739,Incident that happened,School Bus,PARENT CONTACT / CONFERENCE,11/27/2018
75391195739,Incident that happened,Classroom,1 DAY ISS,11/28/2018
75391195739,Incident that happened,Halls,,
75391195739,Incident that happened,Classroom,PARENT CONTACT / CONFERENCE,1/8/2019
75391195739,Incident that happened,Classroom,1/2 DAY OSS,2/28/2019
79773333931,Incident that happened,Grounds,3 DAYS ISS,5/20/2019
73117753739,Incident that happened,Cafeteria,PARENT CONTACT / CONFERENCE,4/25/2019
71395311731,Incident that happened,Classroom,1 DAY ISS,4/1/2019
71395311731,Incident that happened,School Bus,3 DAYS ISS,5/24/2019
71777715119,Incident that happened,Halls,PRINCIPAL/STUDENT CONFERENCE,9/10/2018
71777715119,Incident that happened,Classroom,PRINCIPAL/STUDENT CONFERENCE,9/25/2018
71777715119,Incident that happened,Classroom,PRINCIPAL/STUDENT CONFERENCE,11/6/2018
71777715119,Incident that happened,Halls,PRINCIPAL/STUDENT CONFERENCE,11/7/2018
71777715119,Incident that happened,Halls,1 DETENTION ASSIGNED,11/13/2018
71777715119,Incident that happened,Halls,1 DAY ISS,12/5/2018
71777715119,Incident that happened,Classroom,1 DETENTION ASSIGNED,1/29/2019
71777715119,Incident that happened,Classroom,1 DAY ISS,2/14/2019
71777715119,Incident that happened,Classroom,1 DETENTION ASSIGNED,2/28/2019
71777715119,Incident that happened,Classroom,1 DAY ISS,3/15/2019
71777715119,Incident that happened,Other,PRINCIPAL/STUDENT CONFERENCE,5/9/2019
79515915773,Incident that happened,Halls,PRINCIPAL/STUDENT CONFERENCE,9/10/2018
79515915773,Incident that happened,Halls,1 DETENTION ASSIGNED,9/18/2018
79515915773,Incident that happened,Halls,1 DAY ISS,10/4/2018
79515915773,Incident that happened,Halls,PRINCIPAL/STUDENT CONFERENCE,10/23/2018
79515915773,Incident that happened,Halls,1 DETENTION ASSIGNED,12/17/2018
79515915773,Incident that happened,Classroom,2 DETENTIONS ASSIGNED,1/18/2019
79515915773,Incident that happened,Classroom,1 DETENTION ASSIGNED,2/25/2019
79515915773,Incident that happened,Halls,PRINCIPAL/STUDENT CONFERENCE,4/10/2019
79515915773,Incident that happened,Classroom,1 DETENTION ASSIGNED,4/17/2019
79515915773,Incident that happened,Halls,1 DETENTION ASSIGNED,5/13/2019
79515915773,Incident that happened,Classroom,1 DETENTION ASSIGNED,5/21/2019
79515915773,Incident that happened,Classroom,1 DAY ISS,5/28/2019
75595951393,Incident that happened,Classroom,1/2 DAY ISS,11/27/2018
75595951393,Incident that happened,Classroom,PRINCIPAL/STUDENT CONFERENCE,11/28/2018
75595951393,Incident that happened,Classroom,PRINCIPAL/STUDENT CONFERENCE,12/10/2018
73795335557,Incident that happened,Playground,Missed Recess,8/27/2018
73795335557,Incident that happened,Playground,Missed Recess,9/11/2018
73795335557,Incident that happened,Playground,,
73795335557,Incident that happened,Playground,PARENT CONTACT / CONFERENCE,11/8/2018
71551375335,Incident that happened,Classroom,WARNING,9/26/2018
71551375335,Incident that happened,Classroom,1 DETENTION ASSIGNED,10/1/2018
71551375335,Incident that happened,Classroom,2 DETENTIONS ASSIGNED,10/3/2018
71551375335,Incident that happened,Classroom,THURSDAY NIGHT DETENTION,10/4/2018
71551375335,Incident that happened,Classroom,1 DAY ISS,10/8/2018
71551375335,Incident that happened,Classroom,,
71551375335,Incident that happened,Classroom,1 DETENTION ASSIGNED,10/31/2018
71551375335,Incident that happened,Classroom,2 DAYS ISS,12/4/2018
71551375335,Incident that happened,Halls,1 DETENTION ASSIGNED,12/12/2018
71551375335,Incident that happened,Halls,1 DETENTION ASSIGNED,1/15/2019
71551375335,Incident that happened,Classroom,,
71551375335,Incident that happened,Classroom,,
71551375335,Incident that happened,Classroom,,
71551375335,Incident that happened,Classroom,,
71551375335,Incident that happened,Classroom,,
71551375335,Incident that happened,Classroom,,
71551375335,Incident that happened,Cafeteria,1 DAY ISS,2/20/2019
71551375335,Incident that happened,Classroom,1 DAY ISS,2/22/2019
71551375335,Incident that happened,Halls,2 DETENTIONS ASSIGNED,3/20/2019
71551375335,Incident that happened,Classroom,,
71551375335,Incident that happened,Classroom,,
71551375335,Incident that happened,Halls,1 DAY ISS,4/15/2019
71551375335,Incident that happened,Classroom,3 DAYS ISS,4/26/2019
71551375335,Incident that happened,Grounds,3 DAYS OSS,5/2/2019
75771771979,Incident that happened,School Bus,OFF OF BUS 1 DAY,9/17/2018
71573917333,Incident that happened,School Bus,PARENT CONTACT / CONFERENCE,10/11/2018
71915777159,Incident that happened,Halls,3 DAYS ISS,11/30/2018
71915777159,Incident that happened,Classroom,,
73737395177,Incident that happened,Classroom,1 DETENTION ASSIGNED,11/16/2018
77133597199,Incident that happened,Classroom,1 DAY ISS,9/7/2018
77133597199,Incident that happened,Classroom,1 DAY ISS,10/4/2018
77133597199,Incident that happened,Classroom,1 DAY ISS,11/12/2018
77133597199,Incident that happened,Classroom,1 DAY ISS,11/14/2018
77133597199,Incident that happened,Classroom,1 DAY ISS,11/16/2018
77133597199,Incident that happened,Classroom,,
77133597199,Incident that happened,Classroom,1 DAY ISS,3/19/2019
77133597199,Incident that happened,Classroom,1 DAY ISS,4/4/2019
77133597199,Incident that happened,Cafeteria,,
77133597199,Incident that happened,Classroom,1 DAY ISS,4/25/2019
75133357979,Incident that happened,Classroom,1 DETENTION ASSIGNED,9/25/2018
75133357979,Incident that happened,Classroom,1 DETENTION ASSIGNED,2/28/2019
75133357979,Incident that happened,School Bus,1 DAY ISS,5/20/2019
73199157739,Incident that happened,Halls,PRINCIPAL/STUDENT CONFERENCE,12/17/2018
73199157739,Incident that happened,Classroom,PRINCIPAL/STUDENT CONFERENCE,12/19/2018
73199157739,Incident that happened,Classroom,1/2 DAY ISS,5/21/2019
79359391397,Incident that happened,Other,1 DETENTION ASSIGNED,10/24/2018
77577319733,Incident that happened,Classroom,WARNING,10/10/2018
77577319733,Incident that happened,Classroom,,
79913135591,Incident that happened,Classroom,WARNING,8/29/2018
73997577773,Incident that happened,Classroom,,
73997577773,Incident that happened,Classroom,,
73997577773,Incident that happened,Classroom,PARENT CONTACT / CONFERENCE,9/6/2018
73997577773,Incident that happened,Playground,,
79331117739,Incident that happened,Classroom,PRINCIPAL/STUDENT CONFERENCE,9/19/2018
79313151137,Incident that happened,Classroom,PARENT CONTACT / CONFERENCE,9/18/2018
79313151137,Incident that happened,Classroom,,
79313151137,Incident that happened,Classroom,1 DAY OSS,10/11/2018
79313151137,Incident that happened,Classroom,,
79313151137,Incident that happened,Office,PARENT CONTACT / CONFERENCE,11/8/2018
79313151137,Incident that happened,Classroom,PARENT CONTACT / CONFERENCE,11/12/2018
77593755197,Incident that happened,Classroom,1 DAY ISS,5/16/2019
71531757713,Incident that happened,Classroom,,
73951519331,Incident that happened,Halls,PRINCIPAL/STUDENT CONFERENCE,9/11/2018
73951519331,Incident that happened,Cafeteria,1 DETENTION ASSIGNED,9/27/2018
73951519331,Incident that happened,Classroom,PRINCIPAL/STUDENT CONFERENCE,9/27/2018
73951519331,Incident that happened,Cafeteria,1 DETENTION ASSIGNED,10/2/2018
73951519331,Incident that happened,Cafeteria,1 DETENTION ASSIGNED,10/2/2018
73951519331,Incident that happened,Classroom,RESTITUTION,10/9/2018
73951519331,Incident that happened,Halls,1 DETENTION ASSIGNED,10/9/2018
73951519331,Incident that happened,Gym,1 DAY ISS,10/18/2018
73951519331,Incident that happened,Classroom,PRINCIPAL/STUDENT CONFERENCE,1/25/2019
73951519331,Incident that happened,Classroom,1 DETENTION ASSIGNED,1/31/2019
73951519331,Incident that happened,Classroom,1 DETENTION ASSIGNED,2/4/2019
73951519331,Incident that happened,Halls,,2/4/2019
73951519331,Incident that happened,Halls,1 DAY ISS,4/25/2019
73951519331,Incident that happened,Classroom,2 HOURS ISS,5/29/2019
71377317197,Incident that happened,Halls,3 DAYS ISS,2/5/2019
75975577317,Incident that happened,Classroom,WARNING,10/4/2018
75975577317,Incident that happened,Classroom,WARNING,10/29/2018
75975577317,Incident that happened,Classroom,4 DETENTIONS ASSIGNED,10/31/2018
75975577317,Incident that happened,Classroom,3 DAYS ISS,11/26/2018
75975577317,Incident that happened,Classroom,4 DETENTIONS ASSIGNED,12/17/2018
75975577317,Incident that happened,Classroom,1 DETENTION ASSIGNED,1/14/2019
75975577317,Incident that happened,Classroom,,
75975577317,Incident that happened,Classroom,,
75975577317,Incident that happened,Classroom,,
75975577317,Incident that happened,Classroom,1 DAY ISS,2/13/2019
75975577317,Incident that happened,Classroom,,
75975577317,Incident that happened,Classroom,3 DAYS ISS,2/25/2019
75975577317,Incident that happened,Halls,2 DETENTIONS ASSIGNED,3/18/2019
75975577317,Incident that happened,Halls,1 DAY ISS,4/12/2019
79551317539,Incident that happened,Playground,,
71519711997,Incident that happened,Classroom,2 DAYS ISS,12/17/2018
79195371353,Incident that happened,Classroom,1 DETENTION ASSIGNED,9/4/2018
79195371353,Incident that happened,Classroom,1 DAY ISS,3/15/2019
79195371353,Incident that happened,Classroom,1 DAY ISS,4/2/2019
79195371353,Incident that happened,Cafeteria,,
75195553395,Incident that happened,Loc/Bus,WARNING,9/24/2018
77551775753,Incident that happened,Halls,PRINCIPAL/STUDENT CONFERENCE,11/19/2018
77551775753,Incident that happened,Halls,PRINCIPAL/STUDENT CONFERENCE,12/17/2018
77551775753,Incident that happened,Gym,1 DAY ISS,3/14/2019
77551775753,Incident that happened,Classroom,1 DAY ISS,4/4/2019
77551775753,Incident that happened,Halls,1 DAY ISS,4/24/2019
77551775753,Incident that happened,Classroom,2 DAYS ISS,4/29/2019
77179191197,Incident that happened,School Bus,OFF OF BUS 3 DAYS,12/6/2018
77179191197,Incident that happened,School Bus,PRINCIPAL/STUDENT CONFERENCE,2/25/2019
77179191197,Incident that happened,School Bus,OFF OF BUS 5 DAYS,4/2/2019
71573793353,Incident that happened,Halls,PRINCIPAL/STUDENT CONFERENCE,11/13/2018
71573793353,Incident that happened,Gym,1/2 DAY ISS,12/3/2018
71573793353,Incident that happened,Halls,1 DAY ISS,12/10/2018
71573793353,Incident that happened,Classroom,1/2 DAY OSS,12/13/2018
71573793353,Incident that happened,Halls,PRINCIPAL/STUDENT CONFERENCE,12/20/2018
71573793353,Incident that happened,Classroom,1 DAY ISS,1/24/2019
71573793353,Incident that happened,Gym,1 DAY ISS,2/22/2019
71573793353,Incident that happened,School Bus,OFF OF BUS 3 DAYS,2/27/2019
71573793353,Incident that happened,Classroom,1 DAY ISS,3/18/2019
71573793353,Incident that happened,Classroom,1 DETENTION ASSIGNED,4/10/2019
71573793353,Incident that happened,School Bus,PRINCIPAL/STUDENT CONFERENCE,4/11/2019
71573793353,Incident that happened,Classroom,1 DETENTION ASSIGNED,4/17/2019
71573793353,Incident that happened,Halls,PRINCIPAL/STUDENT CONFERENCE,4/25/2019
71573793353,Incident that happened,Halls,RESTITUTION,5/9/2019
71573793353,Incident that happened,Classroom,1 DETENTION ASSIGNED,5/14/2019
71573793353,Incident that happened,Classroom,1 DETENTION ASSIGNED,5/14/2019
71573793353,Incident that happened,Classroom,1 DETENTION ASSIGNED,5/28/2019
73517913979,Incident that happened,Classroom,,
77377939755,Incident that happened,School Bus,PRINCIPAL/STUDENT CONFERENCE,2/25/2019
79913795933,Incident that happened,Classroom,REMOVED FROM CLASS,11/19/2018
79913795933,Incident that happened,Halls,REMOVED FROM CLASS,12/14/2018
79913795933,Incident that happened,Classroom,PRINCIPAL/STUDENT CONFERENCE,1/24/2019
79913795933,Incident that happened,Classroom,REMOVED FROM CLASS,2/11/2019
79913795933,Incident that happened,Classroom,2 HOURS ISS,2/12/2019
79913795933,Incident that happened,Classroom,PRINCIPAL/STUDENT CONFERENCE,2/19/2019
79913795933,Incident that happened,Classroom,,
79913795933,Incident that happened,Cafeteria,PARENT CONTACT / CONFERENCE,2/26/2019
79913795933,Incident that happened,Classroom,PARENT CONTACT / CONFERENCE,3/1/2019
79913795933,Incident that happened,Classroom,2 HOURS ISS,3/4/2019
79913795933,Incident that happened,Office,PERIOD ISS,3/5/2019
79913795933,Incident that happened,Classroom,1/2 DAY OSS,3/6/2019
79913795933,Incident that happened,Classroom,PRINCIPAL/STUDENT CONFERENCE,3/8/2019
79913795933,Incident that happened,Classroom,LUNCH DETENTION,3/11/2019
79913795933,Incident that happened,Classroom,PERIOD ISS,3/11/2019
79913795933,Incident that happened,Classroom,LUNCH DETENTION,3/12/2019
79913795933,Incident that happened,Classroom,PRINCIPAL/STUDENT CONFERENCE,3/13/2019
79913795933,Incident that happened,Classroom,1/2 DAY OSS,3/13/2019
79913795933,Incident that happened,Classroom,LUNCH DETENTION,3/15/2019
79913795933,Incident that happened,Classroom,PRINCIPAL/STUDENT CONFERENCE,3/18/2019
79913795933,Incident that happened,Classroom,,
79913795933,Incident that happened,Classroom,,
79913795933,Incident that happened,Classroom,PRINCIPAL/STUDENT CONFERENCE,4/24/2019
79913795933,Incident that happened,Classroom,PRINCIPAL/STUDENT CONFERENCE,4/22/2019
79913795933,Incident that happened,Classroom,CONFERENCE WITH ADMIN,4/24/2019
79993911979,Incident that happened,Classroom,WARNING,10/2/2018
79993911979,Incident that happened,Classroom,1 DETENTION ASSIGNED,12/18/2018
79993911979,Incident that happened,Classroom,WARNING,2/4/2019
79993911979,Incident that happened,Other,WARNING,4/3/2019
71797717513,Incident that happened,Halls,PRINCIPAL/STUDENT CONFERENCE,4/18/2019
71757395577,Incident that happened,Classroom,2 DETENTIONS ASSIGNED,3/13/2019
71757395577,Incident that happened,Classroom,PRINCIPAL/STUDENT CONFERENCE,5/24/2019
73177713533,Incident that happened,Classroom,WARNING,9/6/2018
73177713533,Incident that happened,Classroom,1 DETENTION ASSIGNED,9/24/2018
73177713533,Incident that happened,Classroom,,
71377371139,Incident that happened,Classroom,PARENT CONTACT / CONFERENCE,11/12/2018
79115719713,Incident that happened,Classroom,PRINCIPAL/STUDENT CONFERENCE,3/14/2019
77311911533,Incident that happened,Halls,PRINCIPAL/STUDENT CONFERENCE,1/24/2019
77311911533,Incident that happened,Classroom,1 DETENTION ASSIGNED,2/4/2019
77311911533,Incident that happened,Classroom,PRINCIPAL/STUDENT CONFERENCE,4/24/2019
79537557579,Incident that happened,Classroom,WARNING,9/17/2018
79537557579,Incident that happened,Classroom,1 DAY ISS,10/15/2018
79537557579,Incident that happened,Classroom,,
79537557579,Incident that happened,Classroom,,
79537557579,Incident that happened,Classroom,1 DAY ISS,5/8/2019
77153379957,Incident that happened,Classroom,PRINCIPAL/STUDENT CONFERENCE,4/24/2019
77153379957,Incident that happened,Halls,1 DAY ISS,5/3/2019
77153379957,Incident that happened,Halls,PRINCIPAL/STUDENT CONFERENCE,5/9/2019
71579931737,Incident that happened,Lavatory,PARENT CONTACT / CONFERENCE,2/28/2019
79593955393,Incident that happened,Classroom,PRINCIPAL/STUDENT CONFERENCE,12/14/2018
73393579379,Incident that happened,Classroom,WARNING,9/12/2018
75719171117,Incident that happened,Classroom,WARNING,8/24/2018
75719171117,Incident that happened,Classroom,WARNING,9/11/2018
75719171117,Incident that happened,Classroom,1 DETENTION ASSIGNED,9/17/2018
75719171117,Incident that happened,Classroom,2 DETENTIONS ASSIGNED,9/18/2018
75719171117,Incident that happened,Classroom,3 DETENTIONS ASSIGNED,9/24/2018
75377975577,Incident that happened,Classroom,WARNING,9/6/2018
75377975577,Incident that happened,Classroom,1 DETENTION ASSIGNED,9/11/2018
75377975577,Incident that happened,Classroom,2 DETENTIONS ASSIGNED,9/14/2018
75377975577,Incident that happened,Classroom,3 DETENTIONS ASSIGNED,9/26/2018
75377975577,Incident that happened,Classroom,,
73197397913,Incident that happened,Halls,PRINCIPAL/STUDENT CONFERENCE,12/17/2018
73197397913,Incident that happened,Classroom,1 DAY ISS,3/15/2019
77577319719,Incident that happened,School Bus,,
77599539193,Incident that happened,Classroom,1 DAY ISS,11/1/2018
77599539193,Incident that happened,Halls,1 DAY ISS,5/16/2019
77779953937,Incident that happened,Halls,PRINCIPAL/STUDENT CONFERENCE,9/18/2018
77779953937,Incident that happened,Cafeteria,PRINCIPAL/STUDENT CONFERENCE,10/9/2018
77779953937,Incident that happened,Halls,PRINCIPAL/STUDENT CONFERENCE,12/3/2018
77779953937,Incident that happened,Halls,PRINCIPAL/STUDENT CONFERENCE,1/24/2019
73959199153,Incident that happened,Classroom,PRINCIPAL/STUDENT CONFERENCE,12/19/2018
73959199153,Incident that happened,Classroom,1 DETENTION ASSIGNED,2/5/2019
73959199153,Incident that happened,Halls,1 DETENTION ASSIGNED,4/18/2019
79133171911,Incident that happened,Classroom,PARENT CONTACT / CONFERENCE,11/12/2018
75959711731,Incident that happened,Classroom,1 DAY ISS,9/11/2018
71975337957,Incident that happened,Lavatory,1 DAY ISS,2/13/2019
71975337957,Incident that happened,Halls,1 DETENTION ASSIGNED,5/2/2019
77717151737,Incident that happened,Halls,PRINCIPAL/STUDENT CONFERENCE,5/9/2019
71959313771,Incident that happened,School Bus,CONFERENCE WITH ADMIN,10/30/2018
75951135131,Incident that happened,Classroom,1 DAY ISS,10/8/2018
77931719931,Incident that happened,Halls,PRINCIPAL/STUDENT CONFERENCE,9/18/2018
77931719931,Incident that happened,Halls,PRINCIPAL/STUDENT CONFERENCE,4/25/2019
73399735137,Incident that happened,School Bus,PARENT CONTACT / CONFERENCE,10/17/2018
71157179571,Incident that happened,Classroom,1 DAY ISS,1/10/2019
73331919313,Incident that happened,Classroom,WARNING,9/24/2018
71591591379,Incident that happened,School Bus,1/2 DAY ISS,10/5/2018
79931711171,Incident that happened,School Bus,1/2 DAY ISS,10/5/2018
79931711171,Incident that happened,Gym,,
79931711171,Incident that happened,Halls,1 DAY ISS,3/1/2019
79931711171,Incident that happened,Cafeteria,3 DAYS ISS,4/18/2019
79917335137,Incident that happened,Classroom,,
79917335137,Incident that happened,Classroom,PARENT CONTACT / CONFERENCE,8/30/2018
79917335137,Incident that happened,Classroom,PARENT CONTACT / CONFERENCE,9/7/2018
79917335137,Incident that happened,Classroom,PARENT CONTACT / CONFERENCE,11/5/2018
73379399953,Incident that happened,Classroom,1 DAY ISS,5/16/2019
73555999533,Incident that happened,Gym,PRINCIPAL/STUDENT CONFERENCE,10/3/2018
79951399719,Incident that happened,Halls,,
71517157339,Incident that happened,School Bus,PRINCIPAL/STUDENT CONFERENCE,5/16/2019
73751911791,Incident that happened,Classroom,PRINCIPAL/STUDENT CONFERENCE,11/16/2018
71117331939,Incident that happened,Loc/Bus,1 DAY ISS,12/10/2018
71117331939,Incident that happened,Classroom,3 DAYS ISS,12/11/2018
71117331939,Incident that happened,Classroom,2 DAYS ISS,4/29/2019
73991533191,Incident that happened,Classroom,WARNING,10/18/2018
73991533191,Incident that happened,Classroom,,
73991533191,Incident that happened,Classroom,,
73991533191,Incident that happened,Classroom,,
73775337959,Incident that happened,Classroom,WARNING,9/18/2018
73775337959,Incident that happened,Classroom,,
73775337959,Incident that happened,Classroom,,
77559911531,Incident that happened,Classroom,PRINCIPAL/STUDENT CONFERENCE,5/1/2019
73531351517,Incident that happened,Halls,WARNING,11/5/2018
73195177339,Incident that happened,Other,1/2 DAY ISS,9/12/2018
73195177339,Incident that happened,Halls,1 DAY ISS,10/24/2018
73195177339,Incident that happened,Cafeteria,1 DAY ISS,1/24/2019
73195177339,Incident that happened,Halls,1 DAY ISS,5/2/2019
79117379359,Incident that happened,School Bus,OFF OF BUS 1 DAY,10/10/2018
73553779553,Incident that happened,Classroom,1/2 DAY ISS,11/6/2018
71539953991,Incident that happened,Classroom,Missed Recess,11/1/2018
71539953991,Incident that happened,Halls,PARENT CONTACT / CONFERENCE,11/8/2018
71539953991,Incident that happened,Classroom,,12/18/2018
71539953991,Incident that happened,School Bus,PARENT CONTACT / CONFERENCE,3/18/2019
79197593135,Incident that happened,Classroom,WARNING,10/29/2018
79197593135,Incident that happened,Classroom,3 DETENTIONS ASSIGNED,10/31/2018
79197593135,Incident that happened,Classroom,1 DAY ISS,11/5/2018
79197593135,Incident that happened,Classroom,,
79197593135,Incident that happened,Classroom,,
79197593135,Incident that happened,Classroom,1 DAY ISS,4/1/2019
79197593135,Incident that happened,Classroom,2 DAYS ISS,5/8/2019
77719397399,Incident that happened,Classroom,RESTITUTION,9/7/2018
77719397399,Incident that happened,Classroom,1 DETENTION ASSIGNED,9/27/2018
77719397399,Incident that happened,Classroom,1 DETENTION ASSIGNED,1/29/2019
77719397399,Incident that happened,Classroom,PRINCIPAL/STUDENT CONFERENCE,2/27/2019
77719397399,Incident that happened,Other,1 DETENTION ASSIGNED,2/28/2019
77719397399,Incident that happened,Cafeteria,PRINCIPAL/STUDENT CONFERENCE,5/9/2019
71333779993,Incident that happened,Cafeteria,,
71333779993,Incident that happened,Classroom,3 DAYS ISS,4/2/2019
79931739191,Incident that happened,Cafeteria,1 DETENTION ASSIGNED,2/27/2019
79931739191,Incident that happened,Classroom,3 DAYS ISS,4/5/2019
73317719737,Incident that happened,Classroom,1 DAY ISS,9/27/2018
73317719737,Incident that happened,Community,1 DAY ISS,10/9/2018
73317719737,Incident that happened,Other,4 DAYS ISS,11/13/2018
73317719737,Incident that happened,Classroom,4 DAYS ISS,11/29/2018
73317719737,Incident that happened,School Bus,3 DAYS OSS,12/12/2018
73317719737,Incident that happened,Classroom,,
73317719737,Incident that happened,Classroom,1 DAY ISS,3/7/2019
73317719737,Incident that happened,Classroom,1 DAY ISS,3/18/2019
73317719737,Incident that happened,Classroom,1 DAY ISS,4/3/2019
73317719737,Incident that happened,Classroom,1 DAY ISS,4/15/2019
73317719737,Incident that happened,Classroom,1 DAY OSS,4/15/2019
73317719737,Incident that happened,Classroom,1 DAY ISS,5/13/2019
77913957197,Incident that happened,Classroom,THURSDAY NIGHT DETENTION,11/29/2018
77913957197,Incident that happened,Classroom,1 DETENTION ASSIGNED,4/11/2019
77913957197,Incident that happened,Classroom,2 DETENTIONS ASSIGNED,4/22/2019
77913957197,Incident that happened,Classroom,3 DAYS ISS,5/6/2019
71959911313,Incident that happened,Office,2 DAYS OSS,10/1/2018
71959911313,Incident that happened,Classroom,2 DETENTIONS ASSIGNED,2/25/2019
71959911313,Incident that happened,Classroom,RESTITUTION,3/7/2019
71959911313,Incident that happened,Other,1 DAY ISS,4/17/2019
71959911313,Incident that happened,Halls,PRINCIPAL/STUDENT CONFERENCE,4/25/2019
71959911313,Incident that happened,Other,1 DETENTION ASSIGNED,4/30/2019
79731599757,Incident that happened,Halls,PRINCIPAL/STUDENT CONFERENCE,10/9/2018
77115335157,Incident that happened,Cafeteria,WARNING,9/10/2018
77115335157,Incident that happened,Classroom,1 DETENTION ASSIGNED,3/7/2019
77915997575,Incident that happened,Classroom,WARNING,9/11/2018
77915997575,Incident that happened,Classroom,1 DETENTION ASSIGNED,9/25/2018
77915997575,Incident that happened,Classroom,2 DETENTIONS ASSIGNED,9/26/2018
77915997575,Incident that happened,Classroom,3 DETENTIONS ASSIGNED,10/1/2018
77915997575,Incident that happened,Classroom,,
77915997575,Incident that happened,Classroom,,
77915997575,Incident that happened,Classroom,,
77915997575,Incident that happened,Classroom,THURSDAY NIGHT DETENTION,2/28/2019
71555355173,Incident that happened,Loc/Bus,PARENT CONTACT / CONFERENCE,9/14/2018
71555355173,Incident that happened,Loc/Bus,OFF OF BUS 5 DAYS,10/4/2018
71555355173,Incident that happened,Loc/Bus,OFF OF BUS 1 DAY,11/7/2018
71555355173,Incident that happened,Classroom,PARENT CONTACT / CONFERENCE,11/8/2018
71555355173,Incident that happened,School Bus,PARENT CONTACT / CONFERENCE,11/16/2018
71555355173,Incident that happened,Classroom,REMOVED FROM CLASS,11/20/2018
71555355173,Incident that happened,Classroom,REMOVED FROM CLASS,11/27/2018
71555355173,Incident that happened,Classroom,PARENT CONTACT / CONFERENCE,11/27/2018
71555355173,Incident that happened,Cafeteria,1/2 DAY OSS,11/28/2018
71555355173,Incident that happened,Playground,PRINCIPAL/STUDENT CONFERENCE,11/30/2018
71555355173,Incident that happened,Office,PARENT CONTACT / CONFERENCE,12/10/2018
71555355173,Incident that happened,Other,1 DAY OSS,12/17/2018
71395719571,Incident that happened,Other,1 DAY OSS,8/24/2018
79355175937,Incident that happened,Cafeteria,RESTITUTION,9/21/2018
79355175937,Incident that happened,Halls,1 DAY ISS,10/9/2018
79355175937,Incident that happened,Classroom,PRINCIPAL/STUDENT CONFERENCE,12/12/2018
79355175937,Incident that happened,Classroom,PERIOD ISS,12/20/2018
79355175937,Incident that happened,Classroom,PRINCIPAL/STUDENT CONFERENCE,1/25/2019
79355175937,Incident that happened,Classroom,1 DAY ISS,2/19/2019
79355175937,Incident that happened,Classroom,1 DAY ISS,3/20/2019
79355175937,Incident that happened,Halls,PRINCIPAL/STUDENT CONFERENCE,5/13/2019
79755373379,Incident that happened,Classroom,1 DAY ISS,1/30/2019
79755373379,Incident that happened,Halls,PRINCIPAL/STUDENT CONFERENCE,1/24/2019
79755373379,Incident that happened,Classroom,2 DAYS ISS,1/30/2019
79755373379,Incident that happened,Halls,1 DAY ISS,5/2/2019
79755373379,Incident that happened,Halls,1 DAY ISS,5/24/2019
71137939373,Incident that happened,Classroom,WARNING,9/14/2018
71137939373,Incident that happened,Classroom,1 DETENTION ASSIGNED,10/9/2018
71959337111,Incident that happened,Classroom,PRINCIPAL/STUDENT CONFERENCE,4/30/2019
79593117799,Incident that happened,School Bus,PRINCIPAL/STUDENT CONFERENCE,2/15/2019
75151135999,Incident that happened,Classroom,WARNING,9/18/2018
75151135999,Incident that happened,Classroom,1 DETENTION ASSIGNED,10/10/2018
75151135999,Incident that happened,Other,1 DAY ISS,1/25/2019
75151135999,Incident that happened,Gym,1 DETENTION ASSIGNED,3/18/2019
75151135999,Incident that happened,Grounds,3 DAYS ISS,4/9/2019
79533595751,Incident that happened,Classroom,WARNING,9/6/2018
79533595751,Incident that happened,Classroom,1 DETENTION ASSIGNED,9/18/2018
79533595751,Incident that happened,Halls,PRINCIPAL/STUDENT CONFERENCE,9/18/2018
79533595751,Incident that happened,Classroom,1 DETENTION ASSIGNED,1/25/2019
79533595751,Incident that happened,Classroom,PRINCIPAL/STUDENT CONFERENCE,1/29/2019
79533595751,Incident that happened,Classroom,1 DAY ISS,2/1/2019
79533595751,Incident that happened,Gym,3 DAYS ISS,2/25/2019
79533595751,Incident that happened,Classroom,1 DAY ISS,3/4/2019
79533595751,Incident that happened,Halls,2 DAYS ISS,5/9/2019
79533595751,Incident that happened,Cafeteria,LUNCH DETENTION,5/7/2019
79533595751,Incident that happened,Halls,PRINCIPAL/STUDENT CONFERENCE,5/9/2019
73977551371,Incident that happened,Loc/Bus,PARENT CONTACT / CONFERENCE,12/6/2018
77317993539,Incident that happened,Lavatory,PRINCIPAL/STUDENT CONFERENCE,12/10/2018
79795795173,Incident that happened,Classroom,PRINCIPAL/STUDENT CONFERENCE,10/8/2018
79795795173,Incident that happened,Classroom,1 DETENTION ASSIGNED,2/28/2019
77931717977,Incident that happened,Playground,,
77931717977,Incident that happened,Playground,PARENT CONTACT / CONFERENCE,9/27/2018
77931717977,Incident that happened,School Bus,PRINCIPAL/STUDENT CONFERENCE,1/11/2019
71935357351,Incident that happened,Classroom,WARNING,9/21/2018
73951575711,Incident that happened,Classroom,,
73951575711,Incident that happened,Playground,,
73577177757,Incident that happened,Classroom,1 DAY ISS,11/19/2018
73577177757,Incident that happened,Halls,WARNING,2/15/2019
71731913597,Incident that happened,School Bus,1/2 DAY ISS,9/7/2018
71731913597,Incident that happened,School Bus,1 DAY ISS,9/26/2018
71731913597,Incident that happened,Classroom,1/2 DAY ISS,10/3/2018
71731913597,Incident that happened,School Bus,1 DAY ISS,11/28/2018
71731913597,Incident that happened,Halls,1/2 DAY ISS,11/30/2018
71731913597,Incident that happened,Classroom,PRINCIPAL/STUDENT CONFERENCE,12/3/2018
71731913597,Incident that happened,Halls,1 DAY ISS,1/8/2019
71731913597,Incident that happened,Classroom,1 DAY ISS,2/6/2019
71731913597,Incident that happened,School Bus,OFF OF BUS 5 DAYS,3/14/2019
71731913597,Incident that happened,Cafeteria,1 DAY ISS,4/17/2019
71731913597,Incident that happened,Halls,1 DAY ISS,4/24/2019
71731913597,Incident that happened,Halls,1 DAY ISS,5/9/2019
71731913597,Incident that happened,Classroom,1/2 DAY ISS,5/24/2019
71335157937,Incident that happened,Halls,PRINCIPAL/STUDENT CONFERENCE,8/24/2018
71335157937,Incident that happened,Classroom,PARENT CONTACT / CONFERENCE,8/29/2018
71335157937,Incident that happened,Classroom,WARNING,8/30/2018
71335157937,Incident that happened,Classroom,1 DETENTION ASSIGNED,8/30/2018
71335157937,Incident that happened,Classroom,1 DETENTION ASSIGNED,9/5/2018
71335157937,Incident that happened,Gym,PARENT CONTACT / CONFERENCE,9/7/2018
71335157937,Incident that happened,Classroom,1/2 DAY ISS,10/23/2018
71335157937,Incident that happened,Halls,PRINCIPAL/STUDENT CONFERENCE,12/3/2018
71335157937,Incident that happened,Halls,2 HOURS ISS,12/12/2018
71335157937,Incident that happened,Halls,1 DETENTION ASSIGNED,12/14/2018
71335157937,Incident that happened,Halls,PRINCIPAL/STUDENT CONFERENCE,2/25/2019
71335157937,Incident that happened,Classroom,1 DETENTION ASSIGNED,3/13/2019
71335157937,Incident that happened,Classroom,1 DETENTION ASSIGNED,4/3/2019
71335157937,Incident that happened,Classroom,PRINCIPAL/STUDENT CONFERENCE,4/24/2019
71335157937,Incident that happened,Grounds,1/2 DAY ISS,5/20/2019
71335157937,Incident that happened,Halls,1 DAY ISS,5/29/2019
71559799759,Incident that happened,Halls,PRINCIPAL/STUDENT CONFERENCE,2/11/2019
71537733915,Incident that happened,Classroom,,
71537733915,Incident that happened,Classroom,,
73513719993,Incident that happened,Classroom,PRINCIPAL/STUDENT CONFERENCE,8/28/2018
73513719993,Incident that happened,School Bus,1/2 DAY ISS,9/7/2018
73513719993,Incident that happened,Gym,1 DETENTION ASSIGNED,9/18/2018
73513719993,Incident that happened,Classroom,PRINCIPAL/STUDENT CONFERENCE,9/25/2018
73513719993,Incident that happened,Cafeteria,1 DAY ISS,10/2/2018
73513719993,Incident that happened,Halls,WARNING,10/8/2018
73513719993,Incident that happened,Classroom,1/2 DAY ISS,10/19/2018
73513719993,Incident that happened,Classroom,PRINCIPAL/STUDENT CONFERENCE,10/29/2018
73513719993,Incident that happened,Classroom,1/2 DAY ISS,11/5/2018
73513719993,Incident that happened,Classroom,RESTITUTION,11/8/2018
73513719993,Incident that happened,Halls,PRINCIPAL/STUDENT CONFERENCE,11/7/2018
73513719993,Incident that happened,Gym,1 DAY ISS,11/13/2018
73513719993,Incident that happened,Halls,1/2 DAY ISS,11/20/2018
73513719993,Incident that happened,Halls,1/2 DAY ISS,11/30/2018
73513719993,Incident that happened,Halls,1 DETENTION ASSIGNED,12/6/2018
73513719993,Incident that happened,Classroom,PRINCIPAL/STUDENT CONFERENCE,12/5/2018
73513719993,Incident that happened,Classroom,1 DAY ISS,12/11/2018
73513719993,Incident that happened,Classroom,1 DETENTION ASSIGNED,2/22/2019
73513719993,Incident that happened,Halls,1 DAY ISS,2/25/2019
73513719993,Incident that happened,Classroom,2 DAYS ISS,3/7/2019
73513719993,Incident that happened,Classroom,2 DAYS ISS,3/21/2019
73513719993,Incident that happened,Classroom,3 DAYS ISS,4/11/2019
73513719993,Incident that happened,Classroom,1 DETENTION ASSIGNED,4/17/2019
73513719993,Incident that happened,Classroom,1 DAY ISS,5/7/2019
73513719993,Incident that happened,Grounds,1 DAY ISS,5/13/2019
73513719993,Incident that happened,Halls,PRINCIPAL/STUDENT CONFERENCE,5/9/2019
73513719993,Incident that happened,Classroom,1 DAY ISS,5/23/2019
79517995131,Incident that happened,Classroom,WARNING,10/4/2018
79517995131,Incident that happened,Classroom,1 DETENTION ASSIGNED,10/5/2018
79517995131,Incident that happened,Classroom,WARNING,10/31/2018
79517995131,Incident that happened,Classroom,1 DAY ISS,11/5/2018
79517995131,Incident that happened,Classroom,1 DAY ISS,12/4/2018
79517995131,Incident that happened,Classroom,WARNING,3/1/2019
77531179533,Incident that happened,Cafeteria,1 DAY ISS,5/15/2019
73111177159,Incident that happened,Classroom,RESTITUTION,10/8/2018
73111177159,Incident that happened,Classroom,PRINCIPAL/STUDENT CONFERENCE,11/2/2018
73111177159,Incident that happened,School Bus,1 DETENTION ASSIGNED,12/11/2018
73111177159,Incident that happened,Halls,PRINCIPAL/STUDENT CONFERENCE,12/18/2018
73111177159,Incident that happened,Classroom,PRINCIPAL/STUDENT CONFERENCE,12/19/2018
73111177159,Incident that happened,Cafeteria,1 DAY ISS,5/14/2019
73135937557,Incident that happened,Loc/Bus,PRINCIPAL/STUDENT CONFERENCE,8/30/2018
73135937557,Incident that happened,School Bus,PARENT CONTACT / CONFERENCE,3/5/2019
77175357393,Incident that happened,Classroom,,
75733311513,Incident that happened,Classroom,PRINCIPAL/STUDENT CONFERENCE,9/10/2018
71155991759,Incident that happened,Classroom,WARNING,10/10/2018
75175517573,Incident that happened,School Bus,PRINCIPAL/STUDENT CONFERENCE,5/14/2019
73193593391,Incident that happened,Classroom,PARENT CONTACT / CONFERENCE,8/17/2018
73193593391,Incident that happened,Grounds,,
73193593391,Incident that happened,Classroom,,
73193593391,Incident that happened,Classroom,,
73193593391,Incident that happened,Loc/Bus,PRINCIPAL/STUDENT CONFERENCE,9/24/2018
73759515597,Incident that happened,Classroom,,
79353757533,Incident that happened,Classroom,1 DAY ISS,3/14/2019
79353757533,Incident that happened,Halls,PRINCIPAL/STUDENT CONFERENCE,4/4/2019
79353757533,Incident that happened,Classroom,1/2 DAY ISS,5/13/2019
71559911915,Incident that happened,Cafeteria,PRINCIPAL/STUDENT CONFERENCE,5/8/2019
73753979937,Incident that happened,Classroom,1 DETENTION ASSIGNED,3/15/2019
71977335511,Incident that happened,Classroom,1 DETENTION ASSIGNED,2/14/2019
79135537537,Incident that happened,Other,PRINCIPAL/STUDENT CONFERENCE,5/28/2019
77973355719,Incident that happened,Classroom,PRINCIPAL/STUDENT CONFERENCE,12/19/2018
79119133711,Incident that happened,Halls,PRINCIPAL/STUDENT CONFERENCE,12/3/2018
79119133711,Incident that happened,Classroom,PRINCIPAL/STUDENT CONFERENCE,12/19/2018
79579553397,Incident that happened,School Bus,PRINCIPAL/STUDENT CONFERENCE,9/20/2018
79579553397,Incident that happened,Halls,2 DAYS ISS,11/29/2018
71915193539,Incident that happened,Classroom,PRINCIPAL/STUDENT CONFERENCE,3/13/2019
71159135197,Incident that happened,Classroom,PRINCIPAL/STUDENT CONFERENCE,4/25/2019
79513317971,Incident that happened,Classroom,RESTITUTION,10/17/2018
79513317971,Incident that happened,Classroom,1 DETENTION ASSIGNED,11/6/2018
79513317971,Incident that happened,Classroom,RESTITUTION,12/12/2018
79375711331,Incident that happened,Other,1 DETENTION ASSIGNED,10/24/2018
79375711331,Incident that happened,Other,PRINCIPAL/STUDENT CONFERENCE,5/3/2019
79513137117,Incident that happened,Classroom,THURSDAY NIGHT DETENTION,12/20/2018
77931519577,Incident that happened,Loc/Bus,THURSDAY NIGHT DETENTION,2/7/2019
77931519577,Incident that happened,School Bus,2 DAYS ISS,5/28/2019
73519373173,Incident that happened,Classroom,1 DAY ISS,9/20/2018
71397119119,Incident that happened,Classroom,RESTITUTION,8/27/2018
71397119119,Incident that happened,Classroom,1/2 DAY ISS,5/16/2019
73597957331,Incident that happened,School Bus,1/2 DAY ISS,10/19/2018
73955371157,Incident that happened,School Bus,WARNING,9/7/2018
73955371157,Incident that happened,Classroom,PERIOD ISS,9/18/2018
73955371157,Incident that happened,School Bus,OFF OF BUS 1 DAY,9/13/2018
73955371157,Incident that happened,Playground,Missed Recess,9/12/2018
73955371157,Incident that happened,Playground,,
73955371157,Incident that happened,Auditorium,,
73955371157,Incident that happened,Playground,,
71753111577,Incident that happened,Classroom,,
73919579573,Incident that happened,Classroom,PARENT CONTACT / CONFERENCE,4/18/2019
73919579573,Incident that happened,Classroom,1 DAY OSS,4/23/2019
77795559397,Incident that happened,Classroom,PRINCIPAL/STUDENT CONFERENCE,11/7/2018
77795559397,Incident that happened,Classroom,PRINCIPAL/STUDENT CONFERENCE,1/29/2019
75359755997,Incident that happened,School Bus,,
75359755997,Incident that happened,School Bus,PARENT CONTACT / CONFERENCE,2/28/2019
79711779759,Incident that happened,Classroom,1 DAY ISS,5/13/2019
75575717317,Incident that happened,School Bus,1 DAY ISS,11/29/2018
75575717317,Incident that happened,Other,1 DAY ISS,12/14/2018
75575717317,Incident that happened,Gym,1 DAY ISS,5/30/2019
75959557753,Incident that happened,Classroom,1 DAY ISS,11/28/2018
79715773955,Incident that happened,Halls,PRINCIPAL/STUDENT CONFERENCE,9/10/2018
79715773955,Incident that happened,Classroom,PRINCIPAL/STUDENT CONFERENCE,10/24/2018
79715773955,Incident that happened,Classroom,1 DETENTION ASSIGNED,5/13/2019
75535953311,Incident that happened,Loc/Bus,1 DETENTION ASSIGNED,9/27/2018
75535953311,Incident that happened,Classroom,1 DAY ISS,11/26/2018
73933719573,Incident that happened,School Bus,PRINCIPAL/STUDENT CONFERENCE,12/14/2018
73933719573,Incident that happened,School Bus,RESTITUTION,4/15/2019
73933719573,Incident that happened,School Bus,1/2 DAY ISS,5/16/2019
77531535951,Incident that happened,Classroom,WARNING,9/10/2018
77531535951,Incident that happened,Classroom,1 DETENTION ASSIGNED,9/11/2018
77531535951,Incident that happened,Gym,WARNING,9/21/2018
77531535951,Incident that happened,Classroom,2 DETENTIONS ASSIGNED,10/2/2018
77531535951,Incident that happened,Classroom,3 DETENTIONS ASSIGNED,10/11/2018
71975771339,Incident that happened,Classroom,PRINCIPAL/STUDENT CONFERENCE,1/29/2019
77711795131,Incident that happened,Loc/Bus,,
77711795131,Incident that happened,Cafeteria,2 DAYS ISS,2/15/2019
77711795131,Incident that happened,Classroom,2 DETENTIONS ASSIGNED,3/18/2019
75935915953,Incident that happened,Halls,PRINCIPAL/STUDENT CONFERENCE,2/25/2019
75935915953,Incident that happened,Halls,PRINCIPAL/STUDENT CONFERENCE,2/27/2019
73957193753,Incident that happened,Classroom,1 DETENTION ASSIGNED,10/8/2018
73957193753,Incident that happened,Classroom,2 DETENTIONS ASSIGNED,10/8/2018
73957193753,Incident that happened,Classroom,3 DETENTIONS ASSIGNED,10/10/2018
71753313773,Incident that happened,Classroom,1 DAY ISS,1/30/2019
71753313773,Incident that happened,Classroom,RESTITUTION,3/19/2019
71131935757,Incident that happened,Classroom,WARNING,9/11/2018
71131935757,Incident that happened,Grounds,3 DAYS ISS,4/24/2019
71331575397,Incident that happened,Classroom,PRINCIPAL/STUDENT CONFERENCE,4/30/2019
71331575397,Incident that happened,Classroom,PERIOD ISS,5/28/2019
71999359731,Incident that happened,School Bus,WARNING,2/13/2019
71999359731,Incident that happened,School Bus,PARENT CONTACT / CONFERENCE,2/12/2019
71999359731,Incident that happened,School Bus,OFF OF BUS 1 DAY,4/10/2019
73571739119,Incident that happened,Gym,2 HOURS ISS,1/25/2019
77197137197,Incident that happened,Grounds,2 DAYS ISS,10/31/2018
77197137197,Incident that happened,Grounds,1 DAY ISS,11/2/2018
77197137197,Incident that happened,Grounds,3 DAYS OSS,4/30/2019
71735199557,Incident that happened,Classroom,PRINCIPAL/STUDENT CONFERENCE,12/18/2018
77933975377,Incident that happened,Classroom,PRINCIPAL/STUDENT CONFERENCE,3/6/2019
77933975377,Incident that happened,Classroom,1 DETENTION ASSIGNED,3/13/2019
77933975377,Incident that happened,Classroom,1 DETENTION ASSIGNED,3/21/2019
77533135351,Incident that happened,Cafeteria,2 HOURS ISS,9/18/2018
75599931579,Incident that happened,School Bus,PARENT CONTACT / CONFERENCE,3/15/2019
73395399559,Incident that happened,Classroom,RESTITUTION,10/4/2018
77719559133,Incident that happened,Classroom,WARNING,11/1/2018
79355195533,Incident that happened,Classroom,THURSDAY NIGHT DETENTION,11/29/2018
79355195533,Incident that happened,Classroom,3 DAYS ISS,12/14/2018
79355195533,Incident that happened,Halls,3 DAYS ISS,1/17/2019
79351179537,Incident that happened,Halls,PRINCIPAL/STUDENT CONFERENCE,11/7/2018
79351179537,Incident that happened,School Bus,PRINCIPAL/STUDENT CONFERENCE,12/20/2018
77757719951,Incident that happened,Classroom,1 DETENTION ASSIGNED,9/4/2018
77757719951,Incident that happened,Loc/Bus,OFF OF BUS 1 DAY,9/26/2018
77757719951,Incident that happened,Classroom,1 DAY ISS,11/20/2018
77757719951,Incident that happened,Classroom,2 DETENTIONS ASSIGNED,12/11/2018
77757719951,Incident that happened,Classroom,1 DAY ISS,12/19/2018
77757719951,Incident that happened,Classroom,,
77757719951,Incident that happened,Classroom,,
77757719951,Incident that happened,Classroom,,
73353731779,Incident that happened,Loc/Bus,PARENT CONTACT / CONFERENCE,9/6/2018
71395591773,Incident that happened,Classroom,3 DAYS ISS,2/12/2019
73157137153,Incident that happened,Halls,3 DAYS ISS,2/6/2019
77197351371,Incident that happened,School Bus,PRINCIPAL/STUDENT CONFERENCE,9/21/2018
77197351371,Incident that happened,School Bus,PRINCIPAL/STUDENT CONFERENCE,10/22/2018
77197351371,Incident that happened,School Bus,1/2 DAY ISS,10/24/2018
77197351371,Incident that happened,School Bus,OFF OF BUS 3 DAYS,11/2/2018
77197351371,Incident that happened,Gym,1 DAY ISS,11/14/2018
77197351371,Incident that happened,Halls,PRINCIPAL/STUDENT CONFERENCE,12/17/2018
77197351371,Incident that happened,Classroom,1 DAY ISS,5/6/2019
77197351371,Incident that happened,School Bus,OFF OF BUS 3 DAYS,5/1/2019
77197351371,Incident that happened,School Bus,OFF OF BUS 3 DAYS,5/14/2019
73537559351,Incident that happened,Classroom,PRINCIPAL/STUDENT CONFERENCE,4/2/2019
73537559351,Incident that happened,Classroom,PERIOD ISS,4/11/2019
77371919399,Incident that happened,Classroom,1 DAY ISS,4/26/2019
79577977337,Incident that happened,Classroom,WARNING,10/1/2018
79577977337,Incident that happened,Classroom,1 DETENTION ASSIGNED,10/2/2018
77131975557,Incident that happened,Classroom,,
71517757135,Incident that happened,Classroom,RESTITUTION,10/17/2018
71517757135,Incident that happened,Classroom,RESTITUTION,10/24/2018
71517757135,Incident that happened,Halls,1 DAY ISS,1/28/2019
71991937913,Incident that happened,Halls,PRINCIPAL/STUDENT CONFERENCE,9/13/2018
71991937913,Incident that happened,Halls,1 DETENTION ASSIGNED,10/4/2018
71711557179,Incident that happened,Classroom,2 DETENTIONS ASSIGNED,5/2/2019
79391779973,Incident that happened,Playground,Missed Recess,8/27/2018
79391779973,Incident that happened,Classroom,PRINCIPAL/STUDENT CONFERENCE,10/10/2018
71535357951,Incident that happened,Loc/Bus,WARNING,11/12/2018
71535357951,Incident that happened,Loc/Bus,OFF OF BUS 1 DAY,11/15/2018
71535357951,Incident that happened,Classroom,THURSDAY NIGHT DETENTION,12/20/2018
77713539559,Incident that happened,School Bus,PRINCIPAL/STUDENT CONFERENCE,9/20/2018
77713539559,Incident that happened,School Bus,OFF OF BUS 3 DAYS,9/24/2018
77713539559,Incident that happened,Classroom,1 DAY ISS,10/4/2018
77713539559,Incident that happened,School Bus,5 DAYS OSS,10/29/2018
77713539559,Incident that happened,Classroom,1 DETENTION ASSIGNED,10/24/2018
77713539559,Incident that happened,Classroom,1/2 DAY ISS,12/5/2018
77713539559,Incident that happened,School Bus,1 DAY ISS,12/10/2018
77713539559,Incident that happened,Classroom,3 DAYS ISS,1/16/2019
77713539559,Incident that happened,Halls,2 DAYS ISS,2/4/2019
77713539559,Incident that happened,Gym,1 DAY ISS,2/28/2019
77713539559,Incident that happened,Gym,3 DAYS OSS,2/27/2019
77713539559,Incident that happened,Halls,1 DETENTION ASSIGNED,3/6/2019
77713539559,Incident that happened,School Bus,OFF OF BUS 5 DAYS,3/7/2019
77713539559,Incident that happened,Gym,REMOVED FROM CLASS,3/19/2019
77713539559,Incident that happened,Halls,1 DAY ISS,4/10/2019
77713539559,Incident that happened,School Bus,1 DETENTION ASSIGNED,4/16/2019
77713539559,Incident that happened,School Bus,OFF OF BUS 1 DAY,4/18/2019
77713539559,Incident that happened,Classroom,PRINCIPAL/STUDENT CONFERENCE,5/13/2019
77713539559,Incident that happened,Classroom,1/2 DAY ISS,5/21/2019
77713539559,Incident that happened,Classroom,1 DAY ISS,5/28/2019
71199755559,Incident that happened,Halls,PRINCIPAL/STUDENT CONFERENCE,10/4/2018
71199755559,Incident that happened,Other,1 DAY ISS,12/10/2018
71199755559,Incident that happened,Other,2 DAYS ISS,12/14/2018
77577753571,Incident that happened,Classroom,PRINCIPAL/STUDENT CONFERENCE,9/21/2018
77577753571,Incident that happened,Halls,1 DETENTION ASSIGNED,10/1/2018
77577753571,Incident that happened,Classroom,1 DAY ISS,1/7/2019
77577753571,Incident that happened,Classroom,PRINCIPAL/STUDENT CONFERENCE,1/25/2019
77577753571,Incident that happened,Classroom,1 DAY ISS,2/27/2019
77577753571,Incident that happened,Halls,1 DETENTION ASSIGNED,3/4/2019
73531751599,Incident that happened,Classroom,WARNING,10/2/2018
73531751599,Incident that happened,Grounds,3 DAYS ISS,5/3/2019
75975911395,Incident that happened,Classroom,WARNING,9/24/2018
75975911395,Incident that happened,Classroom,1 DAY ISS,10/11/2018
75975911395,Incident that happened,Classroom,WARNING,10/31/2018
75975911395,Incident that happened,Classroom,1 DAY ISS,3/20/2019
75975911395,Incident that happened,Classroom,2 DETENTIONS ASSIGNED,4/17/2019
75975911395,Incident that happened,Grounds,10 DAYS OSS,4/17/2019
77711535119,Incident that happened,School Bus,,
77711535119,Incident that happened,School Bus,OFF OF BUS 1 DAY,10/5/2018
77711535119,Incident that happened,Halls,PARENT CONTACT / CONFERENCE,10/30/2018
77711535119,Incident that happened,Halls,PARENT CONTACT / CONFERENCE,11/1/2018
77711535119,Incident that happened,School Bus,OFF OF BUS 3 DAYS,11/7/2018
77711535119,Incident that happened,Loc/Bus,OFF OF BUS 3 DAYS,11/16/2018
71775939739,Incident that happened,Classroom,WARNING,10/2/2018
71775939739,Incident that happened,Classroom,2 DAYS ISS,11/20/2018
71775939739,Incident that happened,Classroom,3 DETENTIONS ASSIGNED,3/11/2019
71775939739,Incident that happened,Classroom,1 DETENTION ASSIGNED,3/14/2019
71775939739,Incident that happened,Classroom,THURSDAY NIGHT DETENTION,3/21/2019
71775939739,Incident that happened,Cafeteria,,
79993755551,Incident that happened,Cafeteria,PRINCIPAL/STUDENT CONFERENCE,10/2/2018
79993755551,Incident that happened,Cafeteria,1 DETENTION ASSIGNED,10/2/2018
79993755551,Incident that happened,ISS Room,PRINCIPAL/STUDENT CONFERENCE,10/15/2018
79993755551,Incident that happened,Gym,1 DAY ISS,10/17/2018
79993755551,Incident that happened,Gym,4 DAYS OSS,2/27/2019
79993755551,Incident that happened,Classroom,PRINCIPAL/STUDENT CONFERENCE,4/24/2019
75913137597,Incident that happened,Classroom,WARNING,9/12/2018
75913137597,Incident that happened,Classroom,WARNING,10/8/2018
75913137597,Incident that happened,Cafeteria,1 DETENTION ASSIGNED,11/26/2018
75913137597,Incident that happened,Grounds,3 DAYS ISS,5/22/2019
79733791759,Incident that happened,Classroom,,
79733791759,Incident that happened,Classroom,,
77537519375,Incident that happened,Classroom,PRINCIPAL/STUDENT CONFERENCE,8/22/2018
71357953511,Incident that happened,Grounds,3 DAYS ISS,1/22/2019
71397595973,Incident that happened,Classroom,WARNING,3/20/2019
71397595973,Incident that happened,Cafeteria,1 DETENTION ASSIGNED,4/8/2019
71397595973,Incident that happened,Classroom,1/2 DAY ISS,4/30/2019
73979557177,Incident that happened,School Bus,PARENT CONTACT / CONFERENCE,12/6/2018
73797159517,Incident that happened,Classroom,1/2 DAY OSS,9/26/2018
73797159517,Incident that happened,Classroom,PRINCIPAL/STUDENT CONFERENCE,12/17/2018
73797159517,Incident that happened,Classroom,PRINCIPAL/STUDENT CONFERENCE,4/24/2019
73777575353,Incident that happened,Halls,PRINCIPAL/STUDENT CONFERENCE,10/1/2018
73777575353,Incident that happened,Classroom,1 DAY ISS,11/13/2018
73777575353,Incident that happened,Classroom,1 DAY ISS,3/19/2019
79715911973,Incident that happened,School Bus,WARNING,9/13/2018
73131319937,Incident that happened,Gym,PRINCIPAL/STUDENT CONFERENCE,10/3/2018
71399179135,Incident that happened,Classroom,,
77195377717,Incident that happened,Classroom,1 DETENTION ASSIGNED,1/28/2019
77379571739,Incident that happened,Grounds,5 DAYS OSS,9/17/2018
77379571739,Incident that happened,Classroom,RESTITUTION,11/8/2018
77379571739,Incident that happened,Classroom,1 DETENTION ASSIGNED,11/12/2018
77379571739,Incident that happened,Classroom,1 DETENTION ASSIGNED,1/31/2019
77379571739,Incident that happened,Classroom,1 DAY ISS,2/14/2019
77379571739,Incident that happened,Classroom,1 DETENTION ASSIGNED,2/28/2019
77379571739,Incident that happened,Classroom,1 DAY ISS,3/5/2019
71353935953,Incident that happened,Halls,PERIOD ISS,10/9/2018
71353935953,Incident that happened,Halls,Missed Recess,11/30/2018
71353935953,Incident that happened,Halls,Missed Recess,1/23/2019
71353935953,Incident that happened,Classroom,PRINCIPAL/STUDENT CONFERENCE,1/28/2019
71353935953,Incident that happened,Lavatory,Missed Recess,4/15/2019
75715791377,Incident that happened,Classroom,1 DAY ISS,10/29/2018
73357931531,Incident that happened,Halls,PRINCIPAL/STUDENT CONFERENCE,3/19/2019
73357931531,Incident that happened,School Bus,PRINCIPAL/STUDENT CONFERENCE,4/25/2019
73357931531,Incident that happened,Cafeteria,1 DETENTION ASSIGNED,5/9/2019
79393757359,Incident that happened,Classroom,PRINCIPAL/STUDENT CONFERENCE,5/7/2019
75531713139,Incident that happened,School Bus,WARNING,9/10/2018
75531713139,Incident that happened,Classroom,WARNING,9/20/2018
75531713139,Incident that happened,Classroom,1 DETENTION ASSIGNED,9/25/2018
77537577331,Incident that happened,Classroom,1 DAY ISS,9/7/2018
77537577331,Incident that happened,School Bus,PRINCIPAL/STUDENT CONFERENCE,9/12/2018
77537577331,Incident that happened,School Bus,OFF OF BUS 3 DAYS,9/14/2018
77537577331,Incident that happened,Halls,1 DAY ISS,10/10/2018
77537577331,Incident that happened,School Bus,OFF OF BUS 3 DAYS,12/4/2018
77537577331,Incident that happened,School Bus,1 DAY ISS,12/19/2018
77537577331,Incident that happened,Classroom,1 DAY ISS,3/18/2019
77537577331,Incident that happened,School Bus,1 DETENTION ASSIGNED,4/4/2019
77537577331,Incident that happened,School Bus,OFF OF BUS 10 DAYS,4/9/2019
79155995117,Incident that happened,Classroom,,
79155995117,Incident that happened,Playground,PRINCIPAL/STUDENT CONFERENCE,10/10/2018
79173951111,Incident that happened,Classroom,WARNING,10/19/2018
79173951111,Incident that happened,Classroom,1 DAY ISS,11/2/2018
79577995735,Incident that happened,Classroom,PARENT CONTACT / CONFERENCE,8/20/2018
79597391339,Incident that happened,Halls,PRINCIPAL/STUDENT CONFERENCE,11/13/2018
79597391339,Incident that happened,Classroom,PERIOD ISS,4/25/2019
79795779751,Incident that happened,Gym,WARNING,3/13/2019
73513977371,Incident that happened,Halls,PRINCIPAL/STUDENT CONFERENCE,11/7/2018
73513977371,Incident that happened,Cafeteria,PRINCIPAL/STUDENT CONFERENCE,2/28/2019
73197715353,Incident that happened,Classroom,PRINCIPAL/STUDENT CONFERENCE,5/28/2019
77157331137,Incident that happened,Classroom,WARNING,10/31/2018
79159757919,Incident that happened,Classroom,1 DAY ISS,10/29/2018
75919537911,Incident that happened,Classroom,WARNING,9/6/2018
75919537911,Incident that happened,Classroom,1 DETENTION ASSIGNED,9/14/2018
75919537911,Incident that happened,Classroom,2 DETENTIONS ASSIGNED,9/20/2018
75919537911,Incident that happened,Classroom,3 DETENTIONS ASSIGNED,9/26/2018
77951973559,Incident that happened,Classroom,WARNING,10/10/2018
77951973559,Incident that happened,Classroom,1 DETENTION ASSIGNED,10/8/2018
77951973559,Incident that happened,Classroom,THURSDAY NIGHT DETENTION,12/20/2018
77951973559,Incident that happened,Cafeteria,WARNING,4/29/2019
73555511759,Incident that happened,Classroom,,
73555511759,Incident that happened,Classroom,PARENT CONTACT / CONFERENCE,8/23/2018
73555511759,Incident that happened,Halls,,
71595191771,Incident that happened,Classroom,WARNING,9/13/2018
71595191771,Incident that happened,Classroom,1 DETENTION ASSIGNED,10/22/2018
71595191771,Incident that happened,Classroom,WARNING,2/12/2019
77199153195,Incident that happened,Halls,PRINCIPAL/STUDENT CONFERENCE,10/31/2018
77199153195,Incident that happened,Halls,1 DETENTION ASSIGNED,11/13/2018
77199153195,Incident that happened,Halls,1 DAY ISS,12/6/2018
77199153195,Incident that happened,Classroom,1 DAY ISS,1/18/2019
77199153195,Incident that happened,Classroom,1 DAY ISS,5/30/2019
79373753315,Incident that happened,Classroom,PRINCIPAL/STUDENT CONFERENCE,11/6/2018
79373753315,Incident that happened,Classroom,PRINCIPAL/STUDENT CONFERENCE,5/2/2019
79373753315,Incident that happened,Classroom,1 DAY ISS,5/9/2019
79373753315,Incident that happened,Classroom,1 DAY ISS,5/24/2019
75313775199,Incident that happened,Classroom,2 DETENTIONS ASSIGNED,12/3/2018
75313775199,Incident that happened,Classroom,1 DETENTION ASSIGNED,12/18/2018
77995119135,Incident that happened,Classroom,WARNING,9/11/2018
73957133371,Incident that happened,Classroom,PRINCIPAL/STUDENT CONFERENCE,10/3/2018
73339175315,Incident that happened,Classroom,WARNING,9/17/2018
73339175315,Incident that happened,Classroom,1 DETENTION ASSIGNED,10/3/2018
73339175315,Incident that happened,Classroom,2 DETENTIONS ASSIGNED,10/5/2018
73339175315,Incident that happened,Classroom,1 DAY ISS,11/26/2018
73339175315,Incident that happened,Classroom,,
73339175315,Incident that happened,Classroom,1 DAY ISS,2/27/2019
75717751337,Incident that happened,Classroom,1 DETENTION ASSIGNED,9/5/2018
75717751337,Incident that happened,Classroom,1 DETENTION ASSIGNED,5/16/2019
75791753973,Incident that happened,Other,1 DAY OSS,8/24/2018
71195957553,Incident that happened,Halls,PRINCIPAL/STUDENT CONFERENCE,10/10/2018
77331131197,Incident that happened,Loc/Bus,WARNING,12/17/2018
79579597139,Incident that happened,School Bus,PRINCIPAL/STUDENT CONFERENCE,9/12/2018
79579597139,Incident that happened,Classroom,PRINCIPAL/STUDENT CONFERENCE,9/19/2018
79579597139,Incident that happened,School Bus,OFF OF BUS 1 DAY,9/25/2018
79579597139,Incident that happened,Classroom,PRINCIPAL/STUDENT CONFERENCE,10/9/2018
79579597139,Incident that happened,School Bus,OFF OF BUS 1 DAY,10/9/2018
79579597139,Incident that happened,Halls,PRINCIPAL/STUDENT CONFERENCE,12/17/2018
79579597139,Incident that happened,Classroom,1 DAY ISS,4/2/2019
77739715397,Incident that happened,Cafeteria,,
77119319713,Incident that happened,Gym,1 DETENTION ASSIGNED,2/4/2019
77775179339,Incident that happened,School Bus,PRINCIPAL/STUDENT CONFERENCE,10/2/2018
77775179339,Incident that happened,School Bus,PRINCIPAL/STUDENT CONFERENCE,5/21/2019
71195371317,Incident that happened,Classroom,PRINCIPAL/STUDENT CONFERENCE,10/3/2018
79917759311,Incident that happened,Cafeteria,,
71153539315,Incident that happened,Classroom,PRINCIPAL/STUDENT CONFERENCE,9/13/2018
71573319357,Incident that happened,Halls,1 DAY ISS,2/4/2019
71573319357,Incident that happened,Gym,1 DAY ISS,3/21/2019
71573319357,Incident that happened,Cafeteria,1 DAY ISS,4/18/2019
71573319357,Incident that happened,Classroom,PRINCIPAL/STUDENT CONFERENCE,5/21/2019
79177331911,Incident that happened,School Bus,Missed Recess,3/13/2019
79311935799,Incident that happened,Halls,PRINCIPAL/STUDENT CONFERENCE,10/10/2018
73777533571,Incident that happened,School Bus,PARENT CONTACT / CONFERENCE,9/28/2018
75791997399,Incident that happened,Classroom,PRINCIPAL/STUDENT CONFERENCE,9/10/2018
75791997399,Incident that happened,Halls,PRINCIPAL/STUDENT CONFERENCE,12/13/2018
71957193557,Incident that happened,Classroom,PRINCIPAL/STUDENT CONFERENCE,8/22/2018
71957193557,Incident that happened,Classroom,PRINCIPAL/STUDENT CONFERENCE,9/10/2018
71957193557,Incident that happened,Classroom,,
71957193557,Incident that happened,Playground,2 HOURS ISS,10/9/2018
71957193557,Incident that happened,Playground,,
75171375999,Incident that happened,School Bus,,
77119913559,Incident that happened,Other,PRINCIPAL/STUDENT CONFERENCE,5/3/2019
77355917199,Incident that happened,School Bus,PRINCIPAL/STUDENT CONFERENCE,12/21/2018
77355917199,Incident that happened,Classroom,PRINCIPAL/STUDENT CONFERENCE,5/13/2019
71531993739,Incident that happened,Classroom,WARNING,9/25/2018
71915171331,Incident that happened,School Bus,PRINCIPAL/STUDENT CONFERENCE,4/25/2019
79773379599,Incident that happened,Classroom,PRINCIPAL/STUDENT CONFERENCE,4/25/2019
71771391791,Incident that happened,Community,PARENT CONTACT / CONFERENCE,8/30/2018
71771391791,Incident that happened,Classroom,,
71771391791,Incident that happened,Classroom,1 DAY ISS,10/31/2018
71771391791,Incident that happened,Classroom,,
71771391791,Incident that happened,Classroom,1 DAY ISS,11/13/2018
79933739717,Incident that happened,Classroom,PARENT CONTACT / CONFERENCE,11/12/2018
79733979139,Incident that happened,Cafeteria,Missed Recess,9/13/2018
73953317319,Incident that happened,Classroom,WARNING,10/31/2018
79979955337,Incident that happened,Classroom,10 DAYS OSS,9/6/2018
79979955337,Incident that happened,Classroom,4 DETENTIONS ASSIGNED,9/14/2018
79979955337,Incident that happened,Classroom,2 DETENTIONS ASSIGNED,9/20/2018
79979955337,Incident that happened,Classroom,3 DETENTIONS ASSIGNED,9/26/2018
73559191979,Incident that happened,Classroom,PRINCIPAL/STUDENT CONFERENCE,10/30/2018
73559191979,Incident that happened,Halls,PRINCIPAL/STUDENT CONFERENCE,11/16/2018
73559191979,Incident that happened,Other,3 DAYS ISS,12/11/2018
73595775713,Incident that happened,Halls,WARNING,5/1/2019
79711951597,Incident that happened,Classroom,WARNING,10/8/2018
79711951597,Incident that happened,Classroom,1 DETENTION ASSIGNED,10/9/2018
79711951597,Incident that happened,Loc/Bus,WARNING,12/18/2018
79711951597,Incident that happened,Classroom,3 DAYS ISS,4/18/2019
79711951597,Incident that happened,School Bus,2 DAYS ISS,5/28/2019
79335917717,Incident that happened,Halls,PRINCIPAL/STUDENT CONFERENCE,10/31/2018
73373179351,Incident that happened,Classroom,WARNING,10/1/2018
73373179351,Incident that happened,Classroom,1 DETENTION ASSIGNED,10/2/2018
73373179351,Incident that happened,Classroom,2 DETENTIONS ASSIGNED,10/3/2018
73373179351,Incident that happened,Classroom,THURSDAY NIGHT DETENTION,5/13/2019
71959717197,Incident that happened,Classroom,WARNING,9/6/2018
71959717197,Incident that happened,Classroom,2 DETENTIONS ASSIGNED,9/17/2018
71959717197,Incident that happened,Classroom,3 DETENTIONS ASSIGNED,9/20/2018
71959717197,Incident that happened,Classroom,4 DETENTIONS ASSIGNED,9/25/2018
71959717197,Incident that happened,Classroom,,
71959717197,Incident that happened,Classroom,THURSDAY NIGHT DETENTION,2/7/2019
71959717197,Incident that happened,Classroom,THURSDAY NIGHT DETENTION,2/28/2019
73791779379,Incident that happened,Classroom,WARNING,9/13/2018
73791779379,Incident that happened,Classroom,1 DETENTION ASSIGNED,9/26/2018
73791779379,Incident that happened,Classroom,2 DETENTIONS ASSIGNED,10/11/2018
73791779379,Incident that happened,Classroom,WARNING,10/31/2018
73791779379,Incident that happened,Classroom,,
73791779379,Incident that happened,Classroom,THURSDAY NIGHT DETENTION,2/7/2019
77797999139,Incident that happened,School Bus,PRINCIPAL/STUDENT CONFERENCE,4/5/2019
73735797315,Incident that happened,School Bus,PRINCIPAL/STUDENT CONFERENCE,9/14/2018
73735797315,Incident that happened,Classroom,PRINCIPAL/STUDENT CONFERENCE,9/14/2018
73735797315,Incident that happened,School Bus,OFF OF BUS 1 DAY,9/24/2018
73735797315,Incident that happened,School Bus,OFF OF BUS 1 DAY,10/9/2018
73735797315,Incident that happened,School Bus,3 DAYS OSS,10/29/2018
73735797315,Incident that happened,Gym,1 DAY ISS,5/2/2019
73735797315,Incident that happened,School Bus,OFF OF BUS 5 DAYS,4/25/2019
73159531997,Incident that happened,Grounds,1 DAY ISS,9/21/2018
73159531997,Incident that happened,Grounds,2 DAYS ISS,9/19/2018
73159531997,Incident that happened,Classroom,1 DAY ISS,10/10/2018
73159531997,Incident that happened,Classroom,1.5 DAYS OSS,10/29/2018
71519535353,Incident that happened,Classroom,PRINCIPAL/STUDENT CONFERENCE,9/27/2018
73375937193,Incident that happened,School Bus,1/2 DAY ISS,10/24/2018
73375937193,Incident that happened,Classroom,1/2 DAY ISS,11/19/2018
73375937193,Incident that happened,School Bus,1/2 DAY ISS,12/13/2018
73375937193,Incident that happened,Classroom,1 DAY ISS,4/11/2019
73375937193,Incident that happened,School Bus,OFF OF BUS 3 DAYS,5/14/2019
73535373917,Incident that happened,Loc/Bus,CONFERENCE WITH ADMIN,10/3/2018
73535373917,Incident that happened,Loc/Bus,PARENT CONTACT / CONFERENCE,11/2/2018
73535373917,Incident that happened,Loc/Bus,CONFERENCE WITH ADMIN,11/16/2018
73535373917,Incident that happened,School Bus,PARENT CONTACT / CONFERENCE,12/3/2018
73535373917,Incident that happened,School Bus,PRINCIPAL/STUDENT CONFERENCE,3/1/2019
71339395791,Incident that happened,Loc/Bus,WARNING,3/15/2019
71339395791,Incident that happened,Loc/Bus,OFF OF BUS 1 DAY,3/19/2019
73573955351,Incident that happened,Gym,2 DAYS ISS,4/26/2019
73573955351,Incident that happened,Halls,1 DAY ISS,5/21/2019
71171919711,Incident that happened,Halls,1 DETENTION ASSIGNED,3/4/2019
71171919711,Incident that happened,Halls,1 DETENTION ASSIGNED,4/11/2019
71171919711,Incident that happened,School Bus,PRINCIPAL/STUDENT CONFERENCE,4/24/2019
73715577573,Incident that happened,Loc/Bus,THURSDAY NIGHT DETENTION,2/7/2019
77575713193,Incident that happened,Classroom,WARNING,9/12/2018
77575713193,Incident that happened,Grounds,1 DETENTION ASSIGNED,9/19/2018
77575713193,Incident that happened,Classroom,1 DETENTION ASSIGNED,9/21/2018
77575713193,Incident that happened,Classroom,2 DETENTIONS ASSIGNED,10/1/2018
77575713193,Incident that happened,Cafeteria,2 DAYS ISS,11/15/2018
77575713193,Incident that happened,Classroom,THURSDAY NIGHT DETENTION,12/20/2018
77575713193,Incident that happened,Loc/Bus,3 DAYS ISS,2/5/2019
77575713193,Incident that happened,Classroom,,
77575713193,Incident that happened,Halls,2 DETENTIONS ASSIGNED,2/19/2019
77575713193,Incident that happened,Classroom,,
77973511753,Incident that happened,Classroom,PRINCIPAL/STUDENT CONFERENCE,1/18/2019
77973511753,Incident that happened,Halls,1 DAY ISS,2/20/2019
73757535357,Incident that happened,Classroom,PRINCIPAL/STUDENT CONFERENCE,9/25/2018
73757535357,Incident that happened,Cafeteria,PRINCIPAL/STUDENT CONFERENCE,10/3/2018
73757535357,Incident that happened,Classroom,2 HOURS ISS,11/12/2018
73757535357,Incident that happened,Halls,1 DAY ISS,12/5/2018
73757535357,Incident that happened,Classroom,2 HOURS ISS,12/6/2018
73757535357,Incident that happened,School Bus,OFF OF BUS 3 DAYS,12/13/2018
73757535357,Incident that happened,School Bus,1 DAY ISS,12/19/2018
73757535357,Incident that happened,Classroom,3 DAYS ISS,1/24/2019
73757535357,Incident that happened,School Bus,OFF OF BUS 5 DAYS,2/1/2019
73757535357,Incident that happened,Cafeteria,RESTITUTION,2/5/2019
73757535357,Incident that happened,Classroom,1 DETENTION ASSIGNED,2/13/2019
73757535357,Incident that happened,School Bus,OFF OF BUS 10 DAYS,2/14/2019
73757535357,Incident that happened,Classroom,3 DAYS ISS,3/5/2019
73757535357,Incident that happened,Halls,1 DAY ISS,4/3/2019
73757535357,Incident that happened,Classroom,1 DAY ISS,4/12/2019
73757535357,Incident that happened,Classroom,1 DETENTION ASSIGNED,4/12/2019
73757535357,Incident that happened,Classroom,1 DAY ISS,5/7/2019
73757535357,Incident that happened,Classroom,1 DAY ISS,5/21/2019
73757535357,Incident that happened,Classroom,2 HOURS ISS,5/21/2019
73757535357,Incident that happened,Cafeteria,1 DAY ISS,5/24/2019
77173133339,Incident that happened,Halls,PRINCIPAL/STUDENT CONFERENCE,12/3/2018
77173133339,Incident that happened,Classroom,PRINCIPAL/STUDENT CONFERENCE,1/25/2019
71993537153,Incident that happened,Classroom,WARNING,10/1/2018
71955793757,Incident that happened,Classroom,1 DETENTION ASSIGNED,9/7/2018
71955793757,Incident that happened,Classroom,1 DETENTION ASSIGNED,12/6/2018
71955793757,Incident that happened,Classroom,2 DETENTIONS ASSIGNED,4/16/2019
77173155553,Incident that happened,Halls,PRINCIPAL/STUDENT CONFERENCE,2/25/2019
71131591911,Incident that happened,Classroom,WARNING,9/24/2018
71131591911,Incident that happened,Classroom,1 DETENTION ASSIGNED,9/26/2018
71131591911,Incident that happened,Classroom,1 DAY ISS,1/25/2019
71131591911,Incident that happened,Classroom,,
71131591911,Incident that happened,Grounds,1 DAY ISS,4/11/2019
71131591911,Incident that happened,Classroom,3 DAYS ISS,5/6/2019
75539115997,Incident that happened,School Bus,PRINCIPAL/STUDENT CONFERENCE,12/17/2018
75313379153,Incident that happened,School Bus,OFF OF BUS 3 DAYS,5/15/2019
79771535517,Incident that happened,Halls,PRINCIPAL/STUDENT CONFERENCE,9/13/2018
79771535517,Incident that happened,Halls,1 DETENTION ASSIGNED,9/18/2018
79771535517,Incident that happened,Classroom,1 DETENTION ASSIGNED,10/3/2018
79771535517,Incident that happened,Classroom,2 DETENTIONS ASSIGNED,2/25/2019
79771535517,Incident that happened,Halls,PRINCIPAL/STUDENT CONFERENCE,2/25/2019
79771535517,Incident that happened,Classroom,4 DETENTIONS ASSIGNED,2/28/2019
77317319399,Incident that happened,Classroom,PRINCIPAL/STUDENT CONFERENCE,4/5/2019
77317319399,Incident that happened,Other,1 DAY ISS,5/29/2019
77957377979,Incident that happened,Classroom,WARNING,10/1/2018
77953171993,Incident that happened,School Bus,1 DAY ISS,12/19/2018
79553175717,Incident that happened,Halls,PARENT CONTACT / CONFERENCE,10/9/2018
79553175717,Incident that happened,Classroom,OFF OF BUS 1 DAY,10/22/2018
79553175717,Incident that happened,Classroom,CONFERENCE WITH ADMIN,10/23/2018
79553175717,Incident that happened,Classroom,CONFERENCE WITH ADMIN,10/24/2018
79553175717,Incident that happened,Playground,PARENT CONTACT / CONFERENCE,10/29/2018
79553175717,Incident that happened,Classroom,1 DAY ISS,10/30/2018
79553175717,Incident that happened,Playground,1 DAY ISS,11/1/2018
79553175717,Incident that happened,School Bus,PARENT CONTACT / CONFERENCE,11/5/2018
79553175717,Incident that happened,Classroom,1 DAY ISS,11/6/2018
